91295849337	optional PyMuPDF Pro import (windows-latest)	completed	success	2026-07-31T23:39:22Z	2026-07-31T23:39:52Z
91295849364	base state (windows-latest)	completed	success	2026-07-31T23:39:22Z	2026-07-31T23:44:17Z
91295849376	clippy production surfaces	completed	success	2026-07-31T23:39:22Z	2026-07-31T23:40:25Z
91295849378	base state (ubuntu-latest)	completed	success	2026-07-31T23:39:23Z	2026-07-31T23:42:31Z
91295849379	rustfmt	completed	success	2026-07-31T23:39:23Z	2026-07-31T23:39:38Z
91295849381	base state (macos-14)	completed	success	2026-07-31T23:39:23Z	2026-07-31T23:41:59Z
91295849388	deferred hardening inventory	completed	failure	2026-07-31T23:39:22Z	2026-07-31T23:46:07Z
91295849398	optional PyMuPDF Pro import (macos-14)	completed	success	2026-07-31T23:39:23Z	2026-07-31T23:39:37Z
91296489716	P0 integrity regressions (macos-14)	completed	success	2026-07-31T23:44:20Z	2026-07-31T23:50:18Z
91296489736	P0 integrity regressions (windows-latest)	completed	success	2026-07-31T23:44:20Z	2026-07-31T23:59:02Z
91296489755	P0 integrity regressions (ubuntu-latest)	completed	success	2026-07-31T23:44:20Z	2026-07-31T23:51:43Z
